name,has_test,response_letter_required,salary_from,salary_to,salary_currency,salary_gross,employer_name,area_name
DevOps инженер,False,False,,,,,ЕВРАЗ,Ростов-на-Дону
DevOps инженер,False,False,,,,,ЕВРАЗ,Новокузнецк
DevOps инженер,False,False,,,,,ЕВРАЗ,Екатеринбург
DevOps инженер,False,False,,,,,"Оптиком, компания",Москва
DevOps инженер,False,False,200000,,RUR,False,"iiko, Компания Aйко",Москва
DevOps инженер,False,False,,,,,СИРИУС,Москва
DevOps инженер,False,False,,,,,QIWI,Москва
DevOps инженер,False,False,,,,,Техносерв Консалтинг,Москва
DevOps инженер,False,False,,,,,Сбербанк - Технологии,Санкт-Петербург
DevOps инженер,False,False,,,,,Сбербанк,Москва
DevOps инженер,False,False,,300000,RUR,False,БОЛЬШАЯ ТРОЙКА,Москва
DevOps инженер,False,False,,,,,MOS.RU,Самара
DevOps инженер,False,False,2000,4000,USD,False,ТаксДом (ИП Рожнов Александр Валерьевич),Москва
DevOps инженер,False,False,,,,,Банк ВТБ (ПАО),Москва
DevOps инженер,False,False,170000,,RUR,False,"iiko, Компания Aйко",Москва
DevOps инженер,False,False,,,,,Синерджи Тиам,Санкт-Петербург
DevOps инженер,False,False,,,,,Открытие Брокер,Москва
DevOps инженер,False,False,200000,,RUR,False,Cellar door,Москва
DevOps инженер,False,False,,,,,"EPAM Systems, Inc.",Москва
DevOps инженер,False,False,,,,,Айти. Бизнес Решения,Москва
DevOps инженер,False,False,,,,,Сбербанк,Москва
DevOps инженер,False,False,,220000,RUR,False,РобоФинанс,Владивосток
DevOps инженер,False,False,200000,,RUR,False,GOSOBLAKO,Москва
DevOps инженер,False,False,3500,5000,USD,False,Voronova I.N,Киев
DevOps инженер,False,False,,,,,ДОМ.РФ,Москва
DevOps инженер,False,False,,,,,Объединенная металлургическая компания,Москва
DevOps инженер,False,False,,,,,РНД поинт,Москва
DevOps инженер,False,False,,,,,Сиридар,Санкт-Петербург
DevOps инженер,False,False,,,,,RU-CENTER Group,Москва
DevOps инженер,False,False,,,,,First Line Software,Санкт-Петербург
DevOps инженер,False,False,,200000,RUR,False,Айти. Бизнес Решения,Москва
DevOps инженер,False,False,200000,250000,RUR,False,РобоФинанс,Новосибирск
DevOps инженер,False,False,250000,300000,RUR,False,Национальная Билетная Система,Москва
DevOps инженер,False,False,,,,,Мэпс.Ми Ру,Москва
DevOps инженер,False,False,,250000,RUR,False,Центр онлайн-обучения Нетология-групп,Москва
DevOps инженер,False,False,,,,,"Иннотех, Группа компаний",Москва
DevOps инженер,False,False,,,,,First Line Software,Санкт-Петербург
DevOps инженер,False,False,,,,,IT2G,Москва
DevOps инженер,False,False,,220000,RUR,False,РобоФинанс,Новосибирск
DevOps инженер,False,False,,,,,Alpha US Technology Inc.,Москва
DevOps инженер,False,False,,300000,RUR,False,Премиум ИТ Солюшен,Москва
DevOps инженер,False,False,150000,,RUR,False,Интелкон,Москва
DevOps инженер,False,False,180000,200000,RUR,False,Коркласс,Москва
DevOps инженер,False,False,,,,,Сбербанк,Москва
DevOps инженер,False,False,,,,,Рамакс Интернейшнл,Москва
DevOps инженер,False,False,,,,,"МАГНИТ, Розничная сеть",Москва
DevOps инженер,False,False,250000,,RUR,False,«Баланс-Платформа»,Москва
DevOps инженер,False,False,250000,,RUR,True,Dialog,Москва
DevOps инженер,False,False,,300000,RUR,True,СервисКлауд,Тула
DevOps инженер,False,False,,300000,RUR,True,СервисКлауд,Москва
DevOps инженер,False,False,200000,,RUR,False,GOSOBLAKO,Москва
DevOps инженер,False,False,,,,,Сбербанк,Москва
DevOps инженер,False,False,180000,,RUR,True,Прикладные технологии,Челябинск
DevOps инженер,False,False,250000,,RUR,False,Айти. Бизнес Решения,Москва
DevOps инженер,False,False,150000,200000,RUR,False,Головач Ольга,Москва
DevOps инженер,False,False,160000,300000,RUR,False,БОЛЬШАЯ ТРОЙКА,Москва
DevOps инженер,False,False,,740000,RUR,True,StakeWise,Москва
DevOps инженер,False,False,280000,300000,RUR,False,Коркласс,Москва
DevOps инженер,False,False,,210000,RUR,True,Билайн,Краснодар
DevOps инженер,False,False,,,,,Т1 Консалтинг,Москва
DevOps инженер,False,False,120000,220000,RUR,False,Моё дело,Санкт-Петербург
DevOps инженер,False,False,,,,,Lamoda,Казань
DevOps инженер,False,False,,,,,3DSmile,Москва
DevOps инженер,False,False,200000,250000,RUR,False,"ЧЕТЫРЕ ЛАПЫ, Сеть зоомагазинов",Казань
DevOps инженер,False,False,,,,,MOS.RU,Самара
DevOps инженер,False,False,200000,250000,RUR,False,"ЧЕТЫРЕ ЛАПЫ, Сеть зоомагазинов",Санкт-Петербург
DevOps инженер,False,False,200000,300000,RUR,False,Русштрафы,Москва
DevOps инженер,False,False,,240000,RUR,True,Девхаб,Москва
DevOps инженер,False,False,,350000,RUR,False,А17,Москва
DevOps инженер,False,False,200000,,RUR,False,Айти. Бизнес Решения,Москва
DevOps инженер,False,False,345000,430000,RUR,False,ExpAs,Москва
DevOps инженер,False,False,160000,300000,RUR,False,БОЛЬШАЯ ТРОЙКА,Москва
DevOps инженер,False,False,100000,200000,RUR,False,Mesh Group,Санкт-Петербург
DevOps инженер,False,False,,,,,"EPAM Systems, Inc.",Воронеж
DevOps инженер,False,False,200000,350000,RUR,False,Онлайн-школа Фоксфорд,Москва
DevOps инженер,False,False,180000,180000,RUR,True,O1 Properties,Москва
DevOps инженер,False,False,3000,,EUR,False,Employcity,Санкт-Петербург
DevOps инженер,False,False,250000,,RUR,False,NGRServices,Москва
DevOps инженер,False,False,250000,,RUR,False,Робин,Москва
DevOps инженер,False,False,220000,250000,RUR,False,INNOVA GROUP,Казань
DevOps инженер,False,False,,,,,СБЕР Решения,Москва
DevOps инженер,False,False,,,,,Газпром нефть,Санкт-Петербург
DevOps инженер,False,False,,,,,Сбербанк,Москва
DevOps инженер,False,False,,,,,Сбербанк,Санкт-Петербург
DevOps инженер,False,False,,,,,Сбербанк,Москва
DevOps инженер,False,False,65000,85000,RUR,True,Эмзиор,Санкт-Петербург
DevOps инженер,False,False,55000,60000,RUR,False,СевенПро,Москва
DevOps инженер,False,False,,,,,Сбербанк - Технологии,Санкт-Петербург
DevOps инженер,False,False,,,,,"Программный Продукт, ИТ-компания",Москва
DevOps инженер,False,False,,,,,RU-CENTER Group,Москва
DevOps инженер,False,False,,,,,Сбербанк - Технологии,Санкт-Петербург
DevOps инженер,False,False,,,,,Mail.ru Group,Москва
DevOps инженер,False,False,,,,,Mail.ru Group,Москва
DevOps инженер,False,False,,,,,Сбербанк,Москва
DevOps инженер,False,False,,,,,Сбербанк,Москва
DevOps инженер,False,False,,,,,Группа «Кронштадт»,Санкт-Петербург
DevOps инженер,False,False,180000,,RUR,False,KALABI,Москва
DevOps инженер,False,False,,,,,mail.ru group,Москва
DevOps инженер,False,False,,,,,АТОН,Москва
DevOps инженер,False,False,,,,,Сбербанк,Москва
DevOps инженер,False,False,,,,,Сбербанк,Москва
DevOps инженер,False,False,,,,,МТС,Москва
DevOps инженер,False,False,50000,,RUR,False,Эмзиор,Санкт-Петербург
DevOps инженер,False,False,,,,,Инфосистемы Джет,Москва
DevOps инженер,False,False,,,,,Сбербанк - Технологии,Москва
DevOps инженер,False,False,,,,,Сбербанк - Технологии,Москва
DevOps инженер,False,False,,,,,ГК Аплана,Москва
DevOps инженер,False,False,,,,,Сбербанк - Технологии,Москва
DevOps инженер,False,False,,,,,Сбербанк,Москва
DevOps инженер,False,False,,,,,Центр Орбита,Москва
DevOps инженер,False,False,,,,,Ребреин,Санкт-Петербург
DevOps инженер,False,False,150000,180000,RUR,False,Группа Компаний MVS,Санкт-Петербург
DevOps инженер,False,False,,,,,Selecty,Москва
DevOps инженер,False,False,,,,,it-aces.com,Ярославль
DevOps инженер,False,False,,400000,RUR,False,РобоФинанс,Москва
Сетевой администратор,False,False,80000,100000,RUR,False,Платежи Онлайн,Москва
Сетевой инженер,False,False,,,,,QIWI,Москва
Сетевой инженер,False,False,,,,,Ростелеком,Москва
Сетевой инженер,False,False,,,,,Сентинел Кредит Менеджмент,Москва
Сетевой инженер,False,False,50,90,RUR,True,Бифорком Тек,Москва
Сетевой инженер,False,False,,,,,"Протей, НТЦ",Санкт-Петербург
Сетевой инженер,False,False,,,,,ГКУ Инфогород,Москва
Сетевой инженер,False,False,,,,,Rubytech,Москва
Сетевой инженер,False,True,,,,,ГЛОНАСС МОБАЙЛ,Москва
Сетевой инженер,False,False,,,,,HUAWEI,Москва
Сетевой инженер,False,False,,160000,RUR,False,ЛайтНэт Комплекс,Москва
Сетевой инженер,False,False,,,,,Selecty,Москва
Сетевой инженер,False,False,,,,,Аспект,Москва
Сетевой инженер,False,False,,,,,ФОТОН ТЕЛЕКОМ,Москва
Сетевой инженер,False,False,,,,,АКАДО Телеком,Москва
Сетевой инженер,False,False,,,,,АКАДО Телеком,Москва
Сетевой инженер,False,False,,,,,Тинькофф,Москва
Сетевой инженер,False,False,,80000,RUR,True,Nokia Networks,Москва
Сетевой инженер,False,False,,,,,Росгосстрах,Москва
Сетевой инженер,False,False,80000,120000,RUR,False,Комс,Москва
Сетевой инженер,True,False,,,,,Газпром нефть,Санкт-Петербург
Сетевой инженер,False,False,100000,140000,RUR,False,ДС-Связь,Москва
Сетевой инженер,False,False,,,,,Гринатом,Москва
Сетевой инженер,False,False,60000,70000,RUR,False,ЮЛ-ком Медиа,Москва
Сетевой инженер,False,False,,,,,Social Quantum,Санкт-Петербург
Сетевой инженер,False,False,,,,,Тинькофф,Москва
Сетевой инженер,False,False,,,,,MANGO OFFICE,Москва
Сетевой инженер,False,False,100000,140000,RUR,False,ДС-Связь,Москва
Сетевой инженер,False,False,70000,,RUR,False,НПП БИЗНЕС СВЯЗЬ ХОЛДИНГ,Москва
Сетевой инженер,False,False,100000,110000,RUR,False,VIRIDIAN,Москва
Сетевой инженер,False,False,,,,,Ростелеком,Москва
Сетевой инженер,True,False,,,,,Газпром нефть,Санкт-Петербург
Системный администратор,False,False,,,,,SberDevices,Москва
Системный администратор,True,True,40000,45000,RUR,False,QuadCode,Санкт-Петербург
Системный администратор,False,False,60000,180000,RUR,False,Кронверк Лаб,Москва
Системный администратор,False,False,75000,75000,RUR,False,Теремъ,Москва
Системный администратор,False,False,,60000,RUR,False,Погорелова Маргарита Владимировна,Москва
Системный администратор,False,False,80000,100000,RUR,False,"Тануки, японский ресторан",Москва
Системный администратор,False,False,45000,,RUR,False,Приват Консалт,Москва
Системный администратор,False,False,40000,,RUR,True,Аллюр,Санкт-Петербург
Системный администратор,False,False,55000,,RUR,True,Медгуру,Москва
Системный администратор,False,False,,,,,Rendez-Vous,Москва
Системный администратор,False,False,80000,,RUR,True,НиКо-2001,Москва
Системный администратор,False,False,,,,,Модный Континент,Москва
Системный администратор,False,False,,,,,Экспобанк,Москва
Системный администратор,True,False,,,,,Лига Ставок,Москва
Системный администратор,False,False,,,,,СПб ГУП Санкт-Петербургский информационно-аналитический центр,Санкт-Петербург
Системный администратор,False,False,,,,,Канонфарма продакшн,Москва
Системный администратор,False,False,65000,85000,RUR,False,Media 108,Москва
Системный администратор,False,False,,,,,X-LAB,Москва
Системный администратор,False,False,,,,,Лига Ставок,Москва
Системный администратор,False,False,,,,,Л-ТЕХ,Москва
Системный администратор,False,False,,,,,TEZ TOUR,Москва
Системный администратор,False,False,,,,,Регистратор доменных имен РЕГ.РУ,Самара
Системный администратор,False,False,,,,,"ДИКСИ, группа компаний",Санкт-Петербург
Системный администратор,False,False,,,,,Сбербанк,Москва
Системный администратор,False,False,,,,,«Баланс-Платформа»,Москва
Системный администратор,False,False,,,,,СПЕКТРУМ ТБК,Санкт-Петербург
Системный администратор,False,False,,,,,ГК Аплана,Москва
Системный администратор,False,False,70000,90000,RUR,True,Котлин-Новатор,Санкт-Петербург
Системный администратор,False,False,,,,,МИЦ Известия,Санкт-Петербург
Системный администратор,False,False,,,,,Дуотек,Москва
Системный администратор,False,False,30000,,RUR,False,amoCRM,Москва
Системный администратор,True,False,,,,,Inventive Retail Group,Москва
Системный администратор,False,False,,,,,Альфа-Банк,Москва
Системный администратор,False,False,,,,,Союз Индустрия Профессионал,Москва
Системный администратор,True,False,,,,,Газпром нефть,Санкт-Петербург
Системный администратор,False,False,90000,,RUR,True,Роял Консалтинг Групп,Москва
Системный администратор,False,False,70000,,RUR,False,Компания МирБир,Санкт-Петербург
Системный администратор,False,False,,,,,2050.Digital,Москва
Системный администратор,False,False,60000,75000,RUR,False,СУШИШОП,Санкт-Петербург
Системный администратор,False,False,20000,70000,RUR,False,Сервис-Капитал,Санкт-Петербург
Системный администратор,False,False,,,,,"BeeTL, Агентство интегрированных коммуникаций",Москва
Системный администратор,False,False,,,,,QIWI,Москва
Системный администратор,False,False,50000,80000,RUR,False,Максконсалт,Москва
Системный администратор,False,False,25000,40000,RUR,True,Эксприус,Санкт-Петербург
Системный администратор,False,False,90000,120000,RUR,False,Инитлаб,Краснодар
Системный администратор,False,False,80000,,RUR,False,MANGO OFFICE,Москва
Системный администратор,False,False,,,,,Эвотор,Москва
Системный администратор,False,False,70000,,RUR,False,ГБУЗ ГКБ им В.В.Виноградова ДЗМ,Москва
Системный администратор,False,False,,,,,LEOMAX Group,Москва
Системный администратор,False,False,,,,,Typeable.io,Москва
Системный администратор,False,False,,,,,ЯСП,Санкт-Петербург
Системный администратор,False,False,,,,,Voximplant,Москва
Системный администратор,False,False,,,,,TUI Russia & CIS,Москва
Системный администратор,False,False,50000,60000,RUR,False,Sohorooms,Москва
Системный администратор,False,False,,,,,М.Видео-Эльдорадо,Москва
Системный администратор,False,False,45000,55000,RUR,False,ИКСД,Санкт-Петербург
Системный администратор,False,False,60000,60000,RUR,True,"РОЛЬФ, группа компаний",Москва
Системный администратор,False,False,50000,60000,RUR,True,КОНЦЕРН ВНИИНС,Москва
Системный администратор,False,False,,50000,RUR,False,АйТиСтор,Москва
Системный администратор,False,False,53000,60000,RUR,False,КантриКом,Москва
Системный администратор,True,False,30000,60000,RUR,False,Софтвайс,Санкт-Петербург
Системный администратор,True,False,50000,,RUR,False,Айлоджи АйТи Групп,Москва
Системный администратор,False,False,,,,,Wellink,Нижний Новгород
Системный администратор,False,False,,,,,ДомКлик,Новосибирск
Системный администратор,False,False,1300,2000,USD,False,Агентство Интернет-маркетинга Матадор,Киев
Системный администратор,False,False,,,,,М.Видео-Эльдорадо,Москва
Системный администратор,False,False,,,,,Ай Ти Молл,Москва
Системный администратор,False,False,,,,,SOKOLOV,Хабаровск
Системный администратор,False,False,35000,,RUR,False,Ассоциация Национальное Проектное Объединение,Санкт-Петербург
Системный администратор,False,False,,,,,Далитикс,Москва
Системный администратор,False,False,,,,,Softline,Москва
Системный администратор,False,False,30000,70000,RUR,False,WowVendor,Москва
Системный администратор,False,False,30000,70000,RUR,False,WowVendor,Санкт-Петербург
Системный администратор,False,False,35000,50000,RUR,False,Е100 Онлайн,Смоленск
Системный администратор,False,False,60000,70000,RUR,False,Е100 Онлайн,Москва
Системный администратор,False,False,,,,,Colibrity Agency,Казань
Системный администратор,False,False,25000,40000,RUR,False,Man Web Interactive,Москва
Системный администратор,False,False,10000,,RUR,False,Эксперт,Санкт-Петербург
Системный администратор,False,False,50000,,RUR,True,Завод по переработке пластмасс Пларус,Москва
Системный администратор,False,False,30000,70000,RUR,False,WowVendor,Екатеринбург
Системный администратор,False,False,120000,170000,RUR,False,Инспектор Клауд,Екатеринбург
Системный администратор,False,False,,,,,ЛАНИТ,Москва
Системный администратор,False,False,,,,,Флорист.ру-Диджитал,Казань
Системный администратор,False,False,,,,,GDC (ICL Services),Южно-Сахалинск
Системный администратор,False,False,,,,,GDC (ICL Services),Комсомольск-на-Амуре
Системный администратор,False,False,,,,,GDC (ICL Services),Владивосток
Системный администратор,False,False,,,,,GDC (ICL Services),Иркутск
Системный администратор,False,False,,,,,GDC (ICL Services),Хабаровск
Системный администратор,False,False,,,,,GDC (ICL Services),Благовещенск (Амурская область)
Системный администратор,False,False,30000,70000,RUR,False,WowVendor,Краснодар
Системный администратор,False,False,30000,70000,RUR,False,WowVendor,Нижний Новгород
Системный администратор,False,False,50000,70000,RUR,False,Офис24,Санкт-Петербург
Системный администратор,False,False,115000,145000,RUR,True,"Ситилаб, Научно-методический центр клинической лабораторной диагностики",Москва
Системный администратор,False,False,30000,,RUR,False,Карнаухов Дмитрий Александрович,Москва
Системный администратор,False,False,,5000,RUR,False,Рэйбор,Краснодар
Системный администратор,False,False,,,,,CINEMOOD,Москва
Системный администратор,False,False,,,,,Авентус ИТ,Минск
Системный администратор,False,False,150000,,RUR,False,Цифровой интеллект,Москва
Системный администратор,False,False,35000,50000,RUR,False,Системные Интеграции,Иркутск
Системный администратор,False,False,,,,,Алфарма,Москва
Системный администратор,False,False,180000,200000,RUR,False,Articul Media,Москва
Системный администратор,True,False,40000,,RUR,False,Айлоджи АйТи Групп,Москва
Системный администратор,False,False,,,,,Национальный Цифровой Агрегатор,Москва
Системный администратор,True,False,90000,120000,RUR,True,МЦ-Сервис Инжиниринг,Москва
Системный администратор,False,False,80000,90000,RUR,False,Современные технологии,Москва
Системный администратор,False,False,50000,150000,RUR,False,Далитикс,Москва
Системный администратор,False,False,,200000,RUR,False,МойСклад,Москва
Системный администратор,False,False,,,,,Кадровый советник,Ростов-на-Дону
Системный администратор,False,False,35000,60000,RUR,False,Petrolan,Санкт-Петербург
Системный администратор,False,False,,,,,Тензор,Ярославль
Системный администратор,False,False,,,,,Балтийское Лесное Агентство,Санкт-Петербург
Системный администратор,False,False,,,,,DM Solutions,Москва
Системный администратор,False,False,,,,,ТЕХФАРМ,Москва
Системный администратор,False,False,40000,,RUR,False,Софт Трейд,Новосибирск
Системный администратор,False,False,,,,,Блок,Никольское
Системный администратор,False,False,40000,60000,RUR,False,IT-школа Кодиум,Казань
Системный администратор,True,False,40000,,RUR,False,Айлоджи АйТи Групп,Москва
Системный администратор,False,False,60000,,RUR,False,Виртуальные инфраструктуры,Москва
Системный администратор,False,False,,,,,ICL Services,Красноярск
Системный администратор,False,False,,,,,ИСС,Омск
Системный администратор,False,False,,,,,Смартплеер,Москва
Системный администратор,False,False,35000,150000,RUR,False,IT Expert,Архангельск
Системный администратор,False,False,,,,,X5 RETAIL GROUP,Нижний Новгород
Системный администратор,False,False,80000,120000,RUR,False,Процесс Оптима,Москва
Системный администратор,False,False,,,,,Уральский центр систем безопасности,Екатеринбург
Системный администратор,False,False,,250000,RUR,False,Netex24,Москва
Системный администратор,False,False,,,,,Nakusi Games,Москва
Системный администратор,False,False,140000,230000,RUR,False,Кадровое Агентство Уникальных Специалистов,Москва
Системный администратор,False,False,30000,70000,RUR,False,WowVendor,Пермь
Системный администратор,False,False,30000,70000,RUR,False,WowVendor,Томск
Системный администратор,False,False,30000,70000,RUR,False,WowVendor,Воронеж
Системный администратор,False,False,80000,,RUR,False,УРАЛХИМ,Пермь
Системный администратор,False,False,54500,89000,RUR,True,ФГУП РСВО,Москва
Системный администратор,False,False,,300000,RUR,False,Просенс,Москва
Системный администратор,False,False,,,,,Диджитал Пайн,Москва
Системный администратор,False,False,,,,,Profit Group,Москва
Системный администратор,False,False,,,,,Смарт Текнолоджис,Москва
Системный администратор,False,False,,,,,Максконсалт,Москва
Системный администратор,False,False,,,,,BenchMark Consulting,Нур-Султан
Системный администратор,False,False,40000,60000,RUR,False,Гарнага Евгения Васильевна,Новосибирск
Системный администратор,False,False,170000,,RUR,False,Байкалтим,Москва
Системный администратор,False,False,,,,,СберМедИИ,Москва
Системный администратор,False,False,200000,,RUR,True,Ассоциация ФинТех,Москва
Системный администратор,False,False,120000,,RUR,False,Антиплагиат,Москва
Системный администратор,False,False,,140000,RUR,False,PrimeConcept,Москва
Системный администратор,False,False,130000,,RUR,False,REDMOND,Санкт-Петербург
Системный администратор,False,False,,220000,RUR,False,НТЦ ЕЭС Информационные Комплексы,Москва
Системный администратор,False,False,,40000,RUR,True,ITGLOBAL.COM,Санкт-Петербург
Системный администратор,False,False,,,,,Jivo,Санкт-Петербург
Системный администратор,False,False,,,,,ИНКОМА,Москва
Системный администратор,False,False,130000,,RUR,False,Леди и Джентльмен,Москва
Системный администратор,False,False,100000,,RUR,True,ПКБ,Санкт-Петербург
Системный администратор,False,False,100000,,RUR,True,ПКБ,Краснодар
Системный администратор,False,False,150000,200000,RUR,False,Инспектор Клауд,Москва
Системный администратор,False,False,50000,80000,RUR,False,Selecty,Москва
Системный администратор,False,False,,,,,Билайн,Москва
Системный администратор,True,False,90000,120000,RUR,False,МЦ-Сервис Инжиниринг,Москва
Системный администратор,False,False,,,,,Экспобанк,Москва
Системный администратор,False,False,,,,,Expert Solutions,Калуга
Системный администратор,False,False,,,,,Стрим Театр,Москва
Системный администратор,False,False,,,,,Nakusi Games,Москва
Системный администратор,False,False,140000,250000,RUR,False,Кадровое Агентство Уникальных Специалистов,Москва
Системный администратор,False,False,,,,,Outlines Technologies,Москва
Системный администратор,False,False,,,,,VK Pay,Москва
Системный администратор,False,False,,,,,М.Видео-Эльдорадо,Москва
Системный администратор,False,False,100000,,RUR,False,ТаймВэб,Санкт-Петербург
Системный администратор,False,False,,300000,RUR,False,FBS Inc.,Санкт-Петербург
Системный администратор,False,False,,150000,RUR,False,Препейд Солюшенс,Москва
Системный администратор,False,False,,,,,МодульБанк,Санкт-Петербург
Системный администратор,False,False,,,,,CLICK,Ташкент
Системный администратор,False,False,,130000,RUR,True,МодульБанк,Уфа
Системный администратор,False,False,100000,,RUR,True,ПКБ,Москва
Системный администратор,False,False,100000,,RUR,True,ПКБ,Волгоград
Системный администратор,False,False,,,,,Eqvanta,Казань
Системный администратор,False,False,,,,,Eqvanta,Ульяновск
Системный администратор,False,False,,,,,Кеменова Мария Алексеевна,Москва
Системный администратор,False,False,,,,,Outlines Technologies,Москва
Системный администратор,False,False,77000,,RUR,True,Тензор,Екатеринбург
Системный администратор,False,False,,200000,RUR,False,А17,Москва
Системный администратор,False,False,,,,,Бельэир,Самара
Системный администратор,False,False,2000,3600,USD,False,Храмцова Полина,Минск
Системный администратор,False,False,,,,,Бельэир,Москва
Системный администратор,False,True,170000,220000,RUR,False,Чиббис,Москва
Системный администратор,False,False,,,,,"OASIS, группа компаний",Москва
Системный администратор,False,False,,25000,RUR,False,КОЛАЙФ,Москва
Системный администратор,False,False,,,,,ICL Services,Челябинск
Системный администратор,False,False,,,,,"РОСБАНК, Societe Generale Group (Russia)",Москва
Системный администратор,True,False,,,,,"ОТП Банк, АО (OTP bank)",Омск
Системный администратор,False,False,,,,,Инфосистемы Джет,Москва
Системный администратор,False,False,,,,,КБ Пойдём!,Екатеринбург
Системный администратор,False,False,70,150,RUR,True,Neurus,Москва
Системный администратор,False,False,,,,,KDL Клинико диагностические лаборатории,Москва
Системный администратор,False,False,,,,,КБ Пойдём!,Новосибирск
Системный администратор,False,False,,,,,Albatross Internet Group,Москва
Системный администратор,False,False,80000,280000,RUR,True,КонсалтПро,Казань
Системный администратор,False,False,,,,,BenchMark Consulting,Нур-Султан
Системный администратор,False,False,50000,,RUR,False,Буханка,Санкт-Петербург
Системный администратор,False,False,,,,,ICL Services,Барнаул
Системный администратор,False,False,,,,,ICL Services,Тюмень
Системный администратор,False,False,,,,,Jivo,Москва
Системный администратор,False,False,,,,,Центр Методического Обеспечения Оптимизации Процессов Государственного Управления в Московской области,Москва
Системный администратор,False,False,100000,,RUR,False,Антиплагиат,Москва
Системный администратор,False,False,90000,,RUR,True,Хоппер ИТ,Москва
Системный администратор,False,False,,,,,ADMON,Саратов
Системный администратор,False,False,90000,,RUR,True,ГлавДоставка,Москва
Системный администратор,False,False,78200,,RUR,False,GOOD LIFE CONSULTING,Москва
Системный администратор,False,False,,,,,HeadHunter,Москва
Системный администратор,False,False,,,,,ТЭК-Торг,Москва
Системный администратор,False,False,60000,,RUR,False,Кронверк Лаб,Москва
Системный администратор,False,False,,,,,IBS,Ульяновск
Системный администратор,False,False,,,,,Spice Agency,Москва
Системный администратор,False,False,,,,,МодульБанк,Новосибирск
Системный администратор,False,False,,,,,Positive Technologies,Москва
Системный администратор,False,False,40000,,RUR,False,УК НЭЙМС,Екатеринбург
Системный администратор,False,False,150000,,RUR,True,ANY.RUN,Ульяновск
Системный администратор,False,False,,,,,Jivo,Казань
Системный администратор,True,False,80000,120000,RUR,False,МЦ-Сервис Инжиниринг,Москва
Системный администратор,False,False,60000,100000,RUR,False,Edstein llc,Нижний Новгород
Системный администратор,False,False,100000,160000,RUR,False,IT_Selection,Санкт-Петербург
Системный администратор,False,False,100000,160000,RUR,False,IT_Selection,Ростов-на-Дону
Системный администратор,False,False,100000,160000,RUR,False,IT_Selection,Казань
Системный администратор,False,False,100000,160000,RUR,False,IT_Selection,Самара
Системный администратор,False,False,100000,160000,RUR,False,IT_Selection,Нижний Новгород
Системный администратор,False,False,,,,,Федеральная мебельная компания Е1,Белореченск
Системный администратор,False,False,60000,100000,RUR,False,Edstein llc,Москва
Системный администратор,False,False,,,,,Eqvanta,Москва
Системный администратор,False,False,60000,100000,RUR,False,Edstein llc,Санкт-Петербург
Системный администратор,False,False,,,,,"Иннотех, Группа компаний",Москва
Системный администратор,False,False,90000,,RUR,True,Хоппер ИТ,Москва
Системный администратор,False,False,160000,220000,RUR,False,NGRServices,Москва
Системный администратор,False,False,25000,60000,RUR,False,Man Web Interactive,Москва
Системный администратор,False,False,50000,,RUR,False,Буханка,Санкт-Петербург
Системный администратор,False,False,,,,,Kosmos,Санкт-Петербург
Системный администратор,False,False,,,,,НТехЛаб,Москва
Системный администратор,False,False,,130000,RUR,False,Модульбанк,Нижний Новгород
Системный администратор,False,False,,90000,RUR,False,Алгоритмика,Москва
Системный администратор,False,False,50000,60000,RUR,False,Айтигро,Екатеринбург
Системный администратор,False,False,,,,,Mail.ru Group,Москва
Системный администратор,False,False,,,,,Эдутех,Санкт-Петербург
Системный администратор,False,False,,,,,Экспобанк,Москва
Системный администратор,False,False,,,,,FIX,Казань
Системный администратор,False,False,,,,,FIX,Санкт-Петербург
Системный администратор,False,False,300000,350000,RUR,True,FriendWork,Москва
Системный администратор,False,False,,,,,Симдев,Ульяновск
Системный администратор,False,False,40000,,RUR,False,Си-Эн-Эс,Москва
Системный администратор,False,False,87000,,RUR,False,Айти Бюро,Москва
Системный администратор,True,False,60000,95000,RUR,True,Cloud4Y,Ярославль
Системный администратор,False,False,6000,6000,RUR,False,ОDDA,Уфа
Системный администратор,True,False,60000,100000,RUR,True,Cloud4Y,Владивосток
Системный администратор,False,False,,,,,ГРИНМАНИ,Кемерово
Системный администратор,False,False,,,,,Билайн,Москва
Системный администратор,False,False,100000,,RUR,False,СервисКлауд,Тула
Системный администратор,False,False,50000,70000,RUR,False,Системные Интеграции,Иркутск
Системный администратор,False,False,,,,,Sifox,Москва
Системный администратор,False,False,1000,2000,USD,True,SOFTSWISS,Минск
Системный администратор,False,False,,,,,ICL Services,Казань
Системный администратор,False,False,,,,,ANCOR,Москва
Системный администратор,False,False,,,,,Леди и Джентльмен,Москва
Системный администратор,False,False,120000,,RUR,False,Информер Девелопмент,Дубна
Системный администратор,False,False,120000,160000,RUR,False,Фулстек,Москва
Системный администратор,False,False,,130000,RUR,False,МодульБанк,Екатеринбург
Системный администратор,False,False,120000,,RUR,False,FIX,Санкт-Петербург
Системный администратор,False,False,,,,,IBS,Пермь
Системный администратор,False,False,69000,69000,RUR,True,Связной,Воронеж
Системный администратор,False,False,100000,,RUR,False,Росконгресс,Санкт-Петербург
Системный администратор,False,False,,,,,Билайн,Москва
Системный администратор,False,False,,,,,Selecty,Москва
Системный администратор,True,False,60000,60000,RUR,False,Айлоджи АйТи Групп,Москва
Системный администратор,False,False,80000,,RUR,False,TopHunter,Казань
Системный администратор,False,False,,80000,RUR,False,Алгоритмика,Москва
Системный администратор,False,False,,,,,Softline,Москва
Системный администратор,False,False,,,,,СтандартПроект,Москва
Системный администратор,False,False,,,,,КОС Девелопмент,Москва
Системный администратор,False,False,150000,,RUR,True,Аэромакс,Москва
Системный администратор,False,False,,,,,Softline,Новосибирск
Системный администратор,False,True,70000,90000,RUR,False,Мосводострой,Москва
Системный администратор,False,False,250000,,RUR,False,Адакта,Москва
Системный администратор,False,False,,,,,Крупная сеть кафе-кондитерских.,Санкт-Петербург
Системный администратор,False,False,200000,,RUR,False,Deliver,Москва
Системный администратор,False,False,280000,320000,RUR,False,"Hi, Rockits!",Москва
Системный администратор,False,False,120000,,RUR,False,FIX,Казань
Системный администратор,False,False,,,,,X5 RETAIL GROUP,Нижний Новгород
Системный администратор,False,False,150000,,RUR,True,Аэромакс,Санкт-Петербург
Системный администратор,False,False,120000,,RUR,False,Информер Девелопмент,Москва
Системный администратор,False,False,100000,150000,RUR,False,Интелкон,Москва
Системный администратор,False,False,220000,350000,RUR,False,СИМПЛ АЙТИ,Москва
Системный администратор,False,False,,,,,X5 RETAIL GROUP,Самара
Системный администратор,False,False,,,,,Colvir Software Solutions,Москва
Системный администратор,False,False,,69000,RUR,True,Неовокс Технологии,Смоленск
Системный администратор,False,False,69000,69000,RUR,True,Связной,Краснодар
Системный администратор,False,False,,,,,X5 RETAIL GROUP,Санкт-Петербург
Системный администратор,False,False,,150000,RUR,False,Препейд Солюшенс,Москва
Системный администратор,False,False,160000,250000,RUR,False,Храмцова Полина,Санкт-Петербург
Системный администратор,False,False,130000,,RUR,False,Хоппер ИТ,Москва
Системный администратор,False,False,,350000,RUR,False,Просенс,Москва
Системный администратор,False,False,78200,,RUR,False,GOOD LIFE CONSULTING,Москва
Системный администратор,False,False,,80000,RUR,False,ADMON,Ижевск
Системный администратор,False,False,,,,,"РОСБАНК, Societe Generale Group (Russia)",Москва
Системный администратор,False,False,100000,,RUR,True,ITECH,Ульяновск
Системный администратор,False,False,,,,,Студия Павла Яковлева,Воронеж
Системный администратор,False,False,120000,,RUR,True,Хоппер ИТ,Москва
Системный администратор,False,True,,,,,Л-ТЕХ,Тверь
Системный администратор,False,False,150000,,RUR,True,Билайн,Москва
Системный администратор,False,False,80000,280000,RUR,True,КонсалтПро,Москва
Системный администратор,False,False,,,,,НКО «ЮМани»,Санкт-Петербург
Системный администратор,False,False,70000,100000,RUR,False,Смартплеер,Москва
Системный администратор,False,False,,,,,Регистратор доменных имен РЕГ.РУ,Москва
Системный администратор,False,False,,50000,RUR,False,ФГБУ Рослесинфорг,Москва
Системный администратор,False,False,,,,,"ГРЧЦ, ФГУП",Москва
Системный администратор,False,False,,,,,АРЛАЙТ ГРУПП,Москва
Системный администратор,False,False,100000,,RUR,False,СервисКлауд,Санкт-Петербург
Системный администратор,False,False,100000,,RUR,False,СервисКлауд,Калуга
Системный администратор,False,False,100000,,RUR,False,СервисКлауд,Рязань
Системный администратор,False,False,100000,,RUR,False,СервисКлауд,Брянск
Системный администратор,False,False,55000,,RUR,False,ГБУЗ ЛО Всеволожская КМБ,Санкт-Петербург
Системный администратор,False,True,1500,2500,USD,False,GEGI LLC,Москва
Системный администратор,False,False,,,,,НОРБИТ,Москва
Системный администратор,False,False,,,,,АФК Система,Москва
Системный администратор,False,False,140000,160000,RUR,False,Софтвайс,Санкт-Петербург
Системный администратор,False,False,60000,,RUR,False,HAIRSHOP,Москва
Системный администратор,False,False,110000,130000,RUR,True,SBI Bank,Москва
Системный администратор,False,False,,,,,Группа компаний SRG,Москва
Системный администратор,False,False,100000,140000,RUR,False,Лаборатория Наносемантика,Москва
Системный администратор,False,False,,,,,Сбербанк - Технологии,Москва
Системный администратор,False,False,,,,,АКАДО Телеком,Москва
Системный администратор,False,False,,,,,Национальный Центр Информатизации,Москва
Системный администратор,False,False,,,,,МАГ- швейная фурнитура,Москва
Системный администратор,False,False,50000,55000,RUR,False,FIT / Finch Industrial Tools Russia,Москва
Системный администратор,False,False,,,,,BARONA,Санкт-Петербург
Системный администратор,False,False,,,,,GOST-group,Москва
Системный администратор,False,False,18000,33000,RUR,False,Ленинградский областной суд,Санкт-Петербург
Системный администратор,False,False,80000,,RUR,False,Ярд,Москва
Системный администратор,False,False,60000,130000,RUR,False,Протасов Михаил Сергеевич,Москва
Системный администратор,False,False,140000,160000,RUR,False,Софтвайс,Санкт-Петербург
Системный администратор,False,False,42500,70000,RUR,True,Вест-Тайп,Москва
Системный администратор,False,False,,,,,НПО «Алмаз»,Москва
Системный администратор,False,False,,,,,Микрофинансовая организация До Зарплаты,Санкт-Петербург
Системный администратор,False,False,,,,,"РЕСО-Гарантия, СПАО",Москва
Системный администратор,False,False,,,,,Сбербанк - Технологии,Москва
Системный администратор,False,False,,,,,Яндекс,Москва
Системный администратор,False,False,,,,,1С,Москва
Системный администратор,False,False,,,,,ПРОДУКТЫ ЕРМОЛИНО,Москва
Системный администратор,False,False,,,,,Hoff,Москва
Системный администратор,False,False,50000,100000,RUR,False,Project24,Москва
Системный администратор,False,False,70000,150000,RUR,False,NPBFX Limited,Москва
Системный администратор,False,False,,80000,RUR,False,Brooma,Москва
Системный администратор,False,False,,,,,Азбука Качества-дом брендов,Москва
Системный администратор,False,False,65000,,RUR,True,Теле.ру,Москва
Системный администратор,False,False,,,,,Mediascope,Москва
Системный администратор,False,False,80000,100000,RUR,False,Фрутфул Солюшенс,Москва
Системный администратор,False,False,70000,120000,RUR,False,ЮниТех,Москва
Системный администратор,False,False,,,,,МТС Банк,Москва
Системный администратор,False,False,50000,,RUR,True,Омега,Санкт-Петербург
Системный администратор,False,False,,27500,RUR,False,First_Line,Санкт-Петербург
Системный администратор,False,False,,,,,Актион Технологии,Москва
Системный администратор,False,False,,,,,Промсвязьбанк,Москва
Системный администратор,False,False,,,,,Дом Фарфора,Москва
Системный администратор,False,False,,,,,Сбербанк,Санкт-Петербург
Системный администратор,False,False,80000,100000,RUR,False,QSOFT,Москва
Системный администратор,True,False,,80000,RUR,False,Skyeng,Москва
Системный администратор,False,False,,,,,Softline,Москва
Системный администратор,False,False,,,,,Mail.Ru Group,Москва
Системный администратор,False,False,,,,,Сетелем Банк,Москва
Системный администратор,False,False,,,,,МТС,Москва
Системный администратор,False,False,,,,,ФГ БУЗ Поликлиника №1 Российской академии наук,Москва
Системный администратор,False,False,,,,,Организация Агат,Москва
Системный администратор,False,False,,,,,Организация Агат,Москва
Системный администратор,False,False,,,,,Организация Агат,Москва
Системный администратор,False,False,,,,,РУСОФТ,Москва
Системный администратор,False,False,,,,,МФТИ ГУ,Москва
Системный администратор,False,False,,,,,АММЕРААЛ,Москва
Системный администратор,False,False,80000,,RUR,False,Савушкин продукт,Москва
Системный администратор,False,False,,,,,МегаФон,Санкт-Петербург
Системный администратор,False,False,,,,,Selecty,Москва
Системный администратор,False,False,,,,,МегаФон,Санкт-Петербург
Системный администратор,False,False,,,,,Билайн,Москва
Системный администратор,False,False,80000,80000,RUR,True,Drees & Sommer,Москва
Системный администратор,False,False,90000,,RUR,True,ФГБУ Арктический и Антарктический Научно-Исследовательский Институт,Санкт-Петербург
Системный администратор,False,False,30000,70000,RUR,True,Медицина,Москва
Системный администратор,False,False,,,,,МегаФон,Москва
Системный администратор,False,False,70000,,RUR,False,ТД Рублевский,Москва
Системный администратор,False,False,50000,80000,RUR,False,Project24,Москва
Системный администратор,False,False,40000,,RUR,False,Лейдерман Эльвира Петровна,Москва
Системный администратор,False,False,90000,130000,RUR,False,"ВОГ, Торговая компания",Москва
Системный администратор,False,False,,,,,НИИ «Восход»,Москва
Системный администратор,False,False,20000,,RUR,False,Макромир,Санкт-Петербург
Системный администратор,False,False,,,,,Иннова,Москва
Системный администратор,False,False,,,,,Hoff,Москва
Системный администратор,False,False,,,,,Recruitment Boutique S.M.Art,Москва
Системный администратор,False,False,,,,,TeamIdea (ООО ТИМИДЕЯ ГРУПП),Москва
Системный администратор,False,False,45000,50000,RUR,False,НПЦ НАУКА-СЕРВИС,Москва
Системный администратор,False,False,,,,,CloudDC,Москва
Системный администратор,False,False,,,,,Ростелеком,Москва
Системный администратор,True,False,,,,,НПФ Завод ИЗМЕРОН,Санкт-Петербург
Системный администратор,False,False,,,,,Активный Компонент,Санкт-Петербург
Системный администратор,False,False,50000,80000,RUR,False,Мастер-ИТ,Санкт-Петербург
Системный администратор,False,False,,,,,AT Consulting,Москва
Системный администратор,False,False,60000,150000,RUR,True,Санмейт,Москва
Системный администратор,False,False,15000,,RUR,False,Ай-Ти Инвест,Санкт-Петербург
Системный администратор,False,False,55000,,RUR,True,"Компания, СТЕК",Санкт-Петербург
Системный администратор,False,False,,,,,Mediascope,Москва
Системный администратор,False,False,,,,,Сбербанк,Москва
Системный администратор,False,False,60000,100000,RUR,False,Оптимальная логистика,Москва
Системный администратор,False,True,35000,40000,RUR,False,Тэсонэро,Санкт-Петербург
Системный администратор,False,False,55000,,RUR,True,АВТОДОМ,Москва
Системный администратор,False,False,,,,,ЭВАЛАР,Москва
Системный администратор,False,False,,,,,САКС,Москва
Системный администратор,False,False,,,,,Бюджетные и Финансовые Технологии,Москва
Системный администратор,False,False,,,,,Окна Потолки Петербурга,Санкт-Петербург
Системный администратор,False,False,,,,,DMEnergy,Москва
Системный администратор,False,False,60000,70000,RUR,False,Бука,Москва
Системный администратор,False,False,50000,,RUR,True,Баскин Роббинс,Москва
Системный администратор,False,False,,,,,Пекарня ЦEХ85,Санкт-Петербург
Системный администратор,False,False,,,,,ФГУП «Архангельское» ФСИН России,Санкт-Петербург
Системный администратор,False,False,,,,,Медицина 24/7,Москва
Системный администратор,False,False,10000,,RUR,False,Все-кассы.ру,Москва
Системный администратор,False,False,,,,,Intellogic,Санкт-Петербург
Системный администратор,False,False,,,,,mail.ru group,Москва
Системный администратор,False,False,,,,,Сбербанк,Москва
Системный администратор,False,False,40000,50000,RUR,True,DreamBoat Trade,Москва
Системный администратор,False,False,60000,60000,RUR,True,РэйлСпецТранс,Москва
Системный администратор,False,False,30000,50000,RUR,False,ЛИНС,Москва
Системный администратор,False,False,,,,,RU-CENTER Group,Москва
Системный администратор,False,False,,,,,Ипотека Полного Цикла,Москва
Системный администратор,False,False,,,,,Каршеринг Руссия,Москва
Системный администратор,False,False,80000,,RUR,False,Компания КDDI,Москва
Системный администратор,False,False,,,,,BingoBoom,Москва
Системный администратор,False,False,90000,,RUR,False,САМОРОДОК,Москва
Системный администратор,False,False,,80000,RUR,False,Biocard,Москва
Системный администратор,False,True,40000,,RUR,False,Инвестрегионстрой,Москва
Системный администратор,False,False,100000,150000,RUR,False,Альянс,Москва
Системный администратор,False,False,,,,,KALABI,Москва
Системный администратор,False,False,,,,,ЭВРИТЕГ,Москва
Системный администратор,False,False,76000,,RUR,True,Мостранссклад,Москва
Системный администратор,False,False,40000,40000,RUR,False,ПАРКНЕФТЬ,Москва
Системный администратор,False,False,80000,,RUR,True,Urentbike,Москва
Системный администратор,False,False,,,,,NOTAMEDIA,Москва
Системный администратор,False,False,,80000,RUR,True,Управляющая компания Региональный оператор,Москва
Системный администратор,False,False,115000,190000,RUR,False,Софтвайс,Санкт-Петербург
Системный администратор,False,True,,138000,RUR,True,SBI Bank,Москва
Системный администратор,False,False,20000,,RUR,False,ПРОФТЕХЦЕНТР,Москва
Системный администратор,False,False,,60000,RUR,False,Инноватор Косметикс,Москва
Системный администратор,False,False,,270000,RUR,True,Страховая компания Манго,Москва
Системный администратор,False,False,120000,150000,RUR,False,Группа Телематика-Один,Москва
Системный администратор,False,False,,45000,RUR,False,ЭДВАНТА,Москва
Системный администратор,False,False,70000,80000,RUR,True,КАРИ,Москва
Системный администратор,False,False,,,,,МФК «Микро Капитал»,Москва
Системный администратор,False,False,75000,,RUR,True,ДКС,Москва
Системный администратор,False,False,50000,,RUR,False,Профит,Москва
Системный администратор,False,False,,,,,"РОСБАНК, Societe Generale Group (Russia)",Москва
Системный администратор,False,False,150000,200000,RUR,True,Когнитивные системы,Москва
Системный администратор,False,False,,,,,Ростелеком Информационные Технологии,Москва
Системный администратор,False,False,60000,,RUR,False,Заубер Банк,Москва
Системный администратор,False,False,,,,,Techport.ru,Москва
Системный администратор,False,False,,180000,RUR,False,ALP Group,Москва
Системный администратор,False,False,,,,,Чернов Эдуард Алексеевич,Таганрог
Системный администратор,False,False,,,,,КРОК,Москва
Системный администратор,False,False,,,,,Сбербанк-Сервис,Москва
Системный администратор,True,False,50000,70000,RUR,False,Альфасофт,Москва
Системный администратор,False,False,45000,60000,RUR,True,Join I.T.,Москва
Системный администратор,False,False,,63000,RUR,True,Авиакомпания Россия,Москва
Системный администратор,False,False,,,,,QSOFT,Москва
Системный администратор,False,False,50000,,RUR,True,Smirnov School,Москва
Системный администратор,False,False,,80000,RUR,True,Авексима,Москва
Системный администратор,False,False,4000,5000,USD,False,BitOrb,Москва
Системный администратор,False,False,40000,80000,RUR,False,СДН-видео,Москва
Системный администратор,False,False,,,,,Бизнес-Ориентированные Системы,Санкт-Петербург
Системный администратор,False,False,,,,,СКАЙТРЭК,Москва
Системный администратор,False,False,,,,,iQteco,Москва
Системный администратор,False,False,,,,,WUNDERPARK,Москва
Системный администратор,False,False,,,,,"ДИКСИ, группа компаний",Москва
